username,bio,location,website,following,followers
@GTNUK1,"Providing Entertainment & Travel to Commercial Radio. Reaching 28.9M weekly listeners. Winners of The Arqiva National Sales Team of the Year 2010, 2011 & 2016","London, England",https://t.co/aJKvkwp2dG,446,125
@aeclothing1,Used Clothing Distributor,Carteret,https://t.co/sIZNy1TeMH,0,17
@AETechnologies1,"Boulder, CO USAae-technologies.comJoined February 2012","Boulder, CO USA",http://t.co/eMS6qX752b,1,36
@Wix,"Create, manage and grow your business online with Wix. It’s more than just a website builder, it’s how your vision comes to life. For support: @WixHelp.",We're everywhere!,https://t.co/vzQPGJokOE,"3,685",413.6K
@AGInsuranceLLC,"A & G Insurance prides itself on being your local, full service, Independent Insurance Agency.",Connecticut,http://t.co/qDF7dVozxt,255,43
@WhatsApp,message privately with WhatsApp,California,https://t.co/ku2ShnylHa,5,5.5M
@aacb_CBPTrade,Customs Broker,"Florida, USA",,124,34
@AAWindowPRODUCT,A commercial glass and glazing company serving the window industry in New England since 1954. #SafetyQualityService,"Malden, MA",https://t.co/UrYUiEDwWi,88,80
@AandB_Kia,"A&B Kia is a Kia dealer in Benwood, WV. Stay connected to exceed expectations. Build strong relationships. Drive the best with us.","Benwood, West Virginia ",http://t.co/H1m1Bi9YHp,330,295
@ABHomeInc,"Industry leader in wholesale home decor, furniture, and garden, since 1993.","Rancho Cucamonga, CA",https://t.co/2lx3XxMZio,176,361
@Abrepro,"From large format black & white prints to the most sophisticated of digital color printing jobs, A & B can get the job done right.","Bentonville, AR",http://t.co/zyISURRqvP,123,131
@ACChristofiLtd,"A & C CHRISTOFI LTD is a fast growing professional services company based in Limassol, Cyprus. Our main Concern is your Business.",Cyprus,https://t.co/msJpvYtuAt,291,90
@aeclothing1,Used Clothing Distributor,Carteret,https://t.co/sIZNy1TeMH,0,17
